720714742;2025-05-07;18:00:00
720714830;2025-05-07;18:00:00
720714848;2025-05-07;18:00:00
720714937;2025-05-07;18:00:00
720714874;2025-05-07;18:00:00
720714731;2025-05-07;18:00:00
720714946;2025-05-07;18:00:00
720714793;2025-05-07;18:00:00
720714759;2025-05-07;18:00:00
720714795;2025-05-07;18:00:00
720714749;2025-05-07;18:00:00
720714917;2025-05-07;18:00:00
720714829;2025-05-07;18:00:00
720714847;2025-05-07;18:00:00
720714843;2025-05-07;18:00:00
720714833;2025-05-07;18:00:00
720714966;2025-05-07;18:00:00
720715078;2025-05-07;18:00:00
720715086;2025-05-07;18:00:00
720714989;2025-05-07;18:00:00
720715135;2025-05-07;18:00:00
720714942;2025-05-07;18:00:00
720715000;2025-05-07;18:00:00
720715042;2025-05-07;18:00:00
720714894;2025-05-07;18:00:00
720714981;2025-05-07;18:00:00
720715103;2025-05-07;18:00:00
720715109;2025-05-07;18:00:00
720714993;2025-05-07;18:00:00
720714991;2025-05-07;18:00:00
720715140;2025-05-07;18:00:00
720715105;2025-05-07;18:00:00
720714971;2025-05-07;18:00:00
720714913;2025-05-07;18:00:00
720715083;2025-05-07;18:00:00
720715112;2025-05-07;18:00:00
720715076;2025-05-07;18:00:00
720715093;2025-05-07;18:00:00
720715017;2025-05-07;18:00:00
720714924;2025-05-07;18:00:00
720715067;2025-05-07;18:00:00
720715012;2025-05-07;18:00:00
720715074;2025-05-07;18:00:00
720715098;2025-05-07;18:00:00
720715038;2025-05-07;18:00:00
720715035;2025-05-07;18:00:00
720715070;2025-05-07;18:00:00
720715099;2025-05-07;18:00:00
720715045;2025-05-07;18:00:00
720714973;2025-05-07;18:00:00
720714978;2025-05-07;18:00:00
720715037;2025-05-07;18:00:00
720715056;2025-05-07;18:00:00
720715055;2025-05-07;18:00:00
720715015;2025-05-07;18:00:00
720714932;2025-05-07;18:00:00
720714890;2025-05-07;18:00:00
720715029;2025-05-07;18:00:00
720714987;2025-05-07;18:00:00
720717611;2025-05-07;18:00:00
720717593;2025-05-07;18:00:00
720717504;2025-05-07;18:00:00
720717467;2025-05-07;18:00:00
720717390;2025-05-07;18:00:00
720717556;2025-05-07;18:00:00
720717623;2025-05-07;18:00:00
720717515;2025-05-07;18:00:00
720717482;2025-05-07;18:00:00
720717546;2025-05-07;18:00:00
720717631;2025-05-07;18:00:00
720717637;2025-05-07;18:00:00
720717591;2025-05-07;18:00:00
720717545;2025-05-07;18:00:00
720717477;2025-05-07;18:00:00
720717499;2025-05-07;18:00:00
720717460;2025-05-07;18:00:00
720717483;2025-05-07;18:00:00
720717592;2025-05-07;18:00:00
720717522;2025-05-07;18:00:00
720717600;2025-05-07;18:00:00
720717575;2025-05-07;18:00:00
720717385;2025-05-07;18:00:00
720717635;2025-05-07;18:00:00
720717392;2025-05-07;18:00:00
720714765;2025-05-07;18:00:00
720714854;2025-05-07;18:00:00
720714708;2025-05-07;18:00:00
720714803;2025-05-07;18:00:00
720714723;2025-05-07;18:00:00
720714889;2025-05-07;18:00:00
720714716;2025-05-07;18:00:00
720714809;2025-05-07;18:00:00
720714834;2025-05-07;18:00:00
720714844;2025-05-07;18:00:00
720714787;2025-05-07;18:00:00
720714775;2025-05-07;18:00:00
720714810;2025-05-07;18:00:00
720714912;2025-05-07;18:00:00
720714864;2025-05-07;18:00:00
720714735;2025-05-07;18:00:00
720714710;2025-05-07;18:00:00
720714715;2025-05-07;18:00:00
720714825;2025-05-07;18:00:00
720714767;2025-05-07;18:00:00
720714798;2025-05-07;18:00:00
720714678;2025-05-07;18:00:00
720714804;2025-05-07;18:00:00
720714867;2025-05-07;18:00:00
720714841;2025-05-07;18:00:00
720714884;2025-05-07;18:00:00
720714734;2025-05-07;18:00:00
720714872;2025-05-07;18:00:00
720714786;2025-05-07;18:00:00
720714683;2025-05-07;18:00:00
720714840;2025-05-07;18:00:00
720714925;2025-05-07;18:00:00
720714863;2025-05-07;18:00:00
720715053;2025-05-07;18:00:00
720715107;2025-05-07;18:00:00
720715011;2025-05-07;18:00:00
720714958;2025-05-07;18:00:00
720715009;2025-05-07;18:00:00
720714983;2025-05-07;18:00:00
720715104;2025-05-07;18:00:00
720715032;2025-05-07;18:00:00
720715006;2025-05-07;18:00:00
720714918;2025-05-07;18:00:00
720715057;2025-05-07;18:00:00
720715124;2025-05-07;18:00:00
720715030;2025-05-07;18:00:00
720715031;2025-05-07;18:00:00
720714858;2025-05-07;18:00:00
720714745;2025-05-07;18:00:00
720714842;2025-05-07;18:00:00
720714753;2025-05-07;18:00:00
720714928;2025-05-07;18:00:00
720714806;2025-05-07;18:00:00
720714873;2025-05-07;18:00:00
720714713;2025-05-07;18:00:00
720714815;2025-05-07;18:00:00
720714882;2025-05-07;18:00:00
720714737;2025-05-07;18:00:00
720714849;2025-05-07;18:00:00
720714915;2025-05-07;18:00:00
720714822;2025-05-07;18:00:00
720714694;2025-05-07;18:00:00
720714779;2025-05-07;18:00:00
720714823;2025-05-07;18:00:00
720714712;2025-05-07;18:00:00
720714756;2025-05-07;18:00:00
720714880;2025-05-07;18:00:00
720714850;2025-05-07;18:00:00
720714692;2025-05-07;18:00:00
720714814;2025-05-07;18:00:00
720714941;2025-05-07;18:00:00
720714696;2025-05-07;18:00:00
720714801;2025-05-07;18:00:00
720714754;2025-05-07;18:00:00
720714794;2025-05-07;18:00:00
720714681;2025-05-07;18:00:00
720714764;2025-05-07;18:00:00
720714776;2025-05-07;18:00:00
720714788;2025-05-07;18:00:00
720714893;2025-05-07;18:00:00
720714698;2025-05-07;18:00:00
720714700;2025-05-07;18:00:00
720714817;2025-05-07;18:00:00
720714720;2025-05-07;18:00:00
720714772;2025-05-07;18:00:00
720714812;2025-05-07;18:00:00
720714811;2025-05-07;18:00:00
720714727;2025-05-07;18:00:00
720714856;2025-05-07;18:00:00
720714738;2025-05-07;18:00:00
720714953;2025-05-07;18:00:00
720714820;2025-05-07;18:00:00
720714748;2025-05-07;18:00:00
720714691;2025-05-07;18:00:00
720714877;2025-05-07;18:00:00
720714739;2025-05-07;18:00:00
720714780;2025-05-07;18:00:00
720714828;2025-05-07;18:00:00
720714878;2025-05-07;18:00:00
720714763;2025-05-07;18:00:00
720714875;2025-05-07;18:00:00
720714768;2025-05-07;18:00:00
720714860;2025-05-07;18:00:00
720714685;2025-05-07;18:00:00
720714835;2025-05-07;18:00:00
720714851;2025-05-07;18:00:00
720714802;2025-05-07;18:00:00
720714821;2025-05-07;18:00:00
720714871;2025-05-07;18:00:00
720714900;2025-05-07;18:00:00
720714783;2025-05-07;18:00:00
720714891;2025-05-07;18:00:00
720714839;2025-05-07;18:00:00
720714855;2025-05-07;18:00:00
720714688;2025-05-07;18:00:00
720714773;2025-05-07;18:00:00
720714870;2025-05-07;18:00:00
720717487;2025-05-07;18:00:00
720717638;2025-05-07;18:00:00
720717572;2025-05-07;18:00:00
720717393;2025-05-07;18:00:00
720717617;2025-05-07;18:00:00
720717484;2025-05-07;18:00:00
720717429;2025-05-07;18:00:00
720717582;2025-05-07;18:00:00
720717472;2025-05-07;18:00:00
720714791;2025-05-07;18:00:00
720714876;2025-05-07;18:00:00
720714923;2025-05-07;18:00:00
720714680;2025-05-07;18:00:00
720714796;2025-05-07;18:00:00
720714729;2025-05-07;18:00:00
720714866;2025-05-07;18:00:00
720714702;2025-05-07;18:00:00
720714697;2025-05-07;18:00:00
720714939;2025-05-07;18:00:00
720714721;2025-05-07;18:00:00
720714743;2025-05-07;18:00:00
720714899;2025-05-07;18:00:00
720714826;2025-05-07;18:00:00
720714887;2025-05-07;18:00:00
720714751;2025-05-07;18:00:00
720714881;2025-05-07;18:00:00
720714684;2025-05-07;18:00:00
720714718;2025-05-07;18:00:00
720714903;2025-05-07;18:00:00
720714781;2025-05-07;18:00:00
720714845;2025-05-07;18:00:00
720714808;2025-05-07;18:00:00
720714895;2025-05-07;18:00:00
720714771;2025-05-07;18:00:00
720714784;2025-05-07;18:00:00
720714818;2025-05-07;18:00:00
720714762;2025-05-07;18:00:00
720714689;2025-05-07;18:00:00
720714853;2025-05-07;18:00:00
720714800;2025-05-07;18:00:00
720714797;2025-05-07;18:00:00
720714827;2025-05-07;18:00:00
720714919;2025-05-07;18:00:00
720714965;2025-05-07;18:00:00
720714964;2025-05-07;18:00:00
720715046;2025-05-07;18:00:00
720714999;2025-05-07;18:00:00
720715120;2025-05-07;18:00:00
720715102;2025-05-07;18:00:00
720715005;2025-05-07;18:00:00
720714910;2025-05-07;18:00:00
720715075;2025-05-07;18:00:00
720715043;2025-05-07;18:00:00
720715050;2025-05-07;18:00:00
720715127;2025-05-07;18:00:00
720714927;2025-05-07;18:00:00
720715101;2025-05-07;18:00:00
720715022;2025-05-07;18:00:00
720714719;2025-05-07;18:00:00
720714852;2025-05-07;18:00:00
720714726;2025-05-07;18:00:00
720714789;2025-05-07;18:00:00
720714704;2025-05-07;18:00:00
720714944;2025-05-07;18:00:00
720714750;2025-05-07;18:00:00
720714862;2025-05-07;18:00:00
720714790;2025-05-07;18:00:00
720714836;2025-05-07;18:00:00
720714869;2025-05-07;18:00:00
720714933;2025-05-07;18:00:00
720714725;2025-05-07;18:00:00
720714760;2025-05-07;18:00:00
720714861;2025-05-07;18:00:00
720714724;2025-05-07;18:00:00
720714831;2025-05-07;18:00:00
720714832;2025-05-07;18:00:00
720714730;2025-05-07;18:00:00
720714931;2025-05-07;18:00:00
720714813;2025-05-07;18:00:00
720714921;2025-05-07;18:00:00
720714935;2025-05-07;18:00:00
720714736;2025-05-07;18:00:00
720714857;2025-05-07;18:00:00
720714908;2025-05-07;18:00:00
720714758;2025-05-07;18:00:00
720714799;2025-05-07;18:00:00
720714879;2025-05-07;18:00:00
720714951;2025-05-07;18:00:00
720714709;2025-05-07;18:00:00
720714905;2025-05-07;18:00:00
720714746;2025-05-07;18:00:00
720714705;2025-05-07;18:00:00
720714714;2025-05-07;18:00:00
720714741;2025-05-07;18:00:00
720714824;2025-05-07;18:00:00
720714897;2025-05-07;18:00:00
720714911;2025-05-07;18:00:00
720714865;2025-05-07;18:00:00
720714740;2025-05-07;18:00:00
720714717;2025-05-07;18:00:00
720714949;2025-05-07;18:00:00
720714886;2025-05-07;18:00:00
720714744;2025-05-07;18:00:00
720714770;2025-05-07;18:00:00
720717532;2025-05-07;18:00:00
720717442;2025-05-07;18:00:00
720717542;2025-05-07;18:00:00
720717508;2025-05-07;18:00:00
720717559;2025-05-07;18:00:00
720717512;2025-05-07;18:00:00
720717518;2025-05-07;18:00:00
720717564;2025-05-07;18:00:00
720717490;2025-05-07;18:00:00
720717495;2025-05-07;18:00:00
720717502;2025-05-07;18:00:00
720717402;2025-05-07;18:00:00
720717584;2025-05-07;18:00:00
720717574;2025-05-07;18:00:00
720717444;2025-05-07;18:00:00
720717602;2025-05-07;18:00:00
720717553;2025-05-07;18:00:00
720717443;2025-05-07;18:00:00
720717491;2025-05-07;18:00:00
720716695;2025-05-07;18:00:00
720716814;2025-05-07;18:00:00
720716683;2025-05-07;18:00:00
720716753;2025-05-07;18:00:00
720716713;2025-05-07;18:00:00
720716744;2025-05-07;18:00:00
720716710;2025-05-07;18:00:00
720716752;2025-05-07;18:00:00
720716740;2025-05-07;18:00:00
720716651;2025-05-07;18:00:00
720716780;2025-05-07;18:00:00
720716697;2025-05-07;18:00:00
720716763;2025-05-07;18:00:00
720716758;2025-05-07;18:00:00
720716741;2025-05-07;18:00:00
720716852;2025-05-07;18:00:00
720716779;2025-05-07;18:00:00
720714687;2025-05-07;18:00:00
720715084;2025-05-07;18:00:00
720715023;2025-05-07;18:00:00
720714936;2025-05-07;18:00:00
720714888;2025-05-07;18:00:00
720714883;2025-05-07;18:00:00
720715134;2025-05-07;18:00:00
720715110;2025-05-07;18:00:00
720715121;2025-05-07;18:00:00
720715139;2025-05-07;18:00:00
720715061;2025-05-07;18:00:00
720715085;2025-05-07;18:00:00
720715041;2025-05-07;18:00:00
720714907;2025-05-07;18:00:00
720714992;2025-05-07;18:00:00
720714998;2025-05-07;18:00:00
720714956;2025-05-07;18:00:00
720714968;2025-05-07;18:00:00
720714986;2025-05-07;18:00:00
720714922;2025-05-07;18:00:00
720715039;2025-05-07;18:00:00
720714960;2025-05-07;18:00:00
720715052;2025-05-07;18:00:00
720714904;2025-05-07;18:00:00
720715048;2025-05-07;18:00:00
720715087;2025-05-07;18:00:00
720715034;2025-05-07;18:00:00
720714996;2025-05-07;18:00:00
720714977;2025-05-07;18:00:00
720714988;2025-05-07;18:00:00
720715137;2025-05-07;18:00:00
720715010;2025-05-07;18:00:00
720714945;2025-05-07;18:00:00
720715007;2025-05-07;18:00:00
720715096;2025-05-07;18:00:00
720714972;2025-05-07;18:00:00
720715092;2025-05-07;18:00:00
720715136;2025-05-07;18:00:00
720715033;2025-05-07;18:00:00
720715100;2025-05-07;18:00:00
720715002;2025-05-07;18:00:00
720715138;2025-05-07;18:00:00
720714997;2025-05-07;18:00:00
720715064;2025-05-07;18:00:00
720715066;2025-05-07;18:00:00
720715090;2025-05-07;18:00:00
720715118;2025-05-07;18:00:00
720715014;2025-05-07;18:00:00
720714952;2025-05-07;18:00:00
720715063;2025-05-07;18:00:00
720715081;2025-05-07;18:00:00
720715123;2025-05-07;18:00:00
720715073;2025-05-07;18:00:00
720714940;2025-05-07;18:00:00
720715108;2025-05-07;18:00:00
720714994;2025-05-07;18:00:00
720714898;2025-05-07;18:00:00
720714985;2025-05-07;18:00:00
720715079;2025-05-07;18:00:00
720714901;2025-05-07;18:00:00
720714961;2025-05-07;18:00:00
720715020;2025-05-07;18:00:00
720715106;2025-05-07;18:00:00
720714950;2025-05-07;18:00:00
720715044;2025-05-07;18:00:00
720715065;2025-05-07;18:00:00
720715094;2025-05-07;18:00:00
720715080;2025-05-07;18:00:00
720714995;2025-05-07;18:00:00
720715026;2025-05-07;18:00:00
720715013;2025-05-07;18:00:00
720715028;2025-05-07;18:00:00
720714957;2025-05-07;18:00:00
720714896;2025-05-07;18:00:00
720715059;2025-05-07;18:00:00
720714976;2025-05-07;18:00:00
720715132;2025-05-07;18:00:00
720715113;2025-05-07;18:00:00
720715018;2025-05-07;18:00:00
720714947;2025-05-07;18:00:00
720715126;2025-05-07;18:00:00
720715068;2025-05-07;18:00:00
720715130;2025-05-07;18:00:00
720715129;2025-05-07;18:00:00
720714938;2025-05-07;18:00:00
720714962;2025-05-07;18:00:00
720715082;2025-05-07;18:00:00
720714955;2025-05-07;18:00:00
720715122;2025-05-07;18:00:00
720714902;2025-05-07;18:00:00
720715047;2025-05-07;18:00:00
720714926;2025-05-07;18:00:00
720714885;2025-05-07;18:00:00
720715060;2025-05-07;18:00:00
720715003;2025-05-07;18:00:00
720714980;2025-04-30;20:00:00
720715111;2025-04-30;20:00:00
720715115;2025-04-30;20:00:00
720714969;2025-04-30;20:00:00
720715040;2025-04-30;20:00:00
720715114;2025-04-30;20:00:00
720715133;2025-04-30;20:00:00
720715058;2025-04-30;20:00:00
720714914;2025-04-30;20:00:00
720715069;2025-04-30;20:00:00
720715077;2025-04-30;20:00:00
720714954;2025-04-30;20:00:00
720715025;2025-04-30;20:00:00
720717629;2025-04-30;20:00:00
720717561;2025-04-30;20:00:00
720717598;2025-04-30;20:00:00
720717634;2025-04-30;20:00:00
720717452;2025-04-30;20:00:00
720717407;2025-04-30;20:00:00
720717549;2025-04-30;20:00:00
720717408;2025-04-30;20:00:00
720717613;2025-04-30;20:00:00
720717599;2025-04-30;20:00:00
720717550;2025-04-30;20:00:00
720717626;2025-04-30;20:00:00
720717581;2025-04-30;20:00:00
720717585;2025-04-30;20:00:00
720717481;2025-04-30;20:00:00
720716841;2025-04-30;20:00:00
720716816;2025-04-30;20:00:00
720716785;2025-04-30;20:00:00
720716688;2025-04-30;20:00:00
720716714;2025-04-30;20:00:00
720716677;2025-04-30;20:00:00
720716851;2025-04-30;20:00:00
720716757;2025-04-30;20:00:00
720716815;2025-04-30;20:00:00
720716783;2025-04-30;20:00:00
720716775;2025-04-30;20:00:00
720716800;2025-04-30;20:00:00
720716681;2025-04-30;20:00:00
720716738;2025-04-30;20:00:00
720716842;2025-04-30;20:00:00
720716809;2025-04-30;20:00:00
720716865;2025-04-30;20:00:00
720716790;2025-04-30;20:00:00
720716784;2025-04-30;20:00:00
720716764;2025-04-30;20:00:00
720716663;2025-04-30;20:00:00
720716743;2025-04-30;20:00:00
720716850;2025-04-30;20:00:00
720716856;2025-04-30;20:00:00
720716772;2025-04-30;20:00:00
720716765;2025-04-30;20:00:00
720716770;2025-04-30;20:00:00
720716668;2025-04-30;20:00:00
720716670;2025-04-30;20:00:00
720716795;2025-04-30;20:00:00
720716693;2025-04-30;20:00:00
720716802;2025-04-30;20:00:00
720716812;2025-04-30;20:00:00
720716853;2025-04-30;20:00:00
720716730;2025-04-30;20:00:00
720716787;2025-04-30;20:00:00
720716717;2025-04-30;20:00:00
720716777;2025-04-30;20:00:00
720716745;2025-04-30;20:00:00
720716755;2025-04-30;20:00:00
720716838;2025-04-30;20:00:00
720716671;2025-04-30;20:00:00
720716867;2025-04-30;20:00:00
720716676;2025-04-30;20:00:00
720716847;2025-04-30;20:00:00
720716719;2025-04-30;20:00:00
720716708;2025-04-30;20:00:00
720716727;2025-04-30;20:00:00
720716811;2025-04-30;20:00:00
720716748;2025-04-30;20:00:00
720716698;2025-04-30;20:00:00
720716662;2025-04-30;20:00:00
720716707;2025-04-30;20:00:00
720716666;2025-04-30;20:00:00
720717552;2025-04-30;20:00:00
720717539;2025-04-30;20:00:00
720717633;2025-04-30;20:00:00
720717557;2025-04-30;20:00:00
720717445;2025-04-30;20:00:00
720717446;2025-04-30;20:00:00
720717528;2025-04-30;20:00:00
720717449;2025-04-30;20:00:00
720717630;2025-04-30;20:00:00
720717413;2025-04-30;20:00:00
720716661;2025-04-30;20:00:00
720716762;2025-04-30;20:00:00
720716803;2025-04-30;20:00:00
720717516;2025-04-30;20:00:00
720717580;2025-04-30;20:00:00
720717570;2025-04-30;20:00:00
720717459;2025-04-30;20:00:00
720717466;2025-04-30;20:00:00
720717399;2025-04-30;20:00:00
720717519;2025-04-30;20:00:00
720717394;2025-04-30;20:00:00
720717521;2025-04-30;20:00:00
720717616;2025-04-30;20:00:00
720717606;2025-04-30;20:00:00
720717506;2025-04-30;20:00:00
720717541;2025-04-30;20:00:00
720717458;2025-04-30;20:00:00
720717451;2025-04-30;20:00:00
720717453;2025-04-30;20:00:00
720717411;2025-04-30;20:00:00
720717434;2025-04-30;20:00:00
720717597;2025-04-30;20:00:00
720717596;2025-04-30;20:00:00
720714979;2025-04-30;20:00:00
720715088;2025-04-30;20:00:00
720717454;2025-04-30;20:00:00
720717415;2025-04-30;20:00:00
720717618;2025-04-30;20:00:00
720717400;2025-04-30;20:00:00
720717450;2025-04-30;20:00:00
720717464;2025-04-30;20:00:00
720717432;2025-04-30;20:00:00
720717524;2025-04-30;20:00:00
720717632;2025-04-30;20:00:00
720717395;2025-04-30;20:00:00
720717526;2025-04-30;20:00:00
720717423;2025-04-30;20:00:00
720716837;2025-04-30;20:00:00
720716792;2025-04-30;20:00:00
720716786;2025-04-30;20:00:00
720716724;2025-04-30;20:00:00
720716858;2025-04-30;20:00:00
720716674;2025-04-30;20:00:00
720716843;2025-04-30;20:00:00
720716657;2025-04-30;20:00:00
720716673;2025-04-30;20:00:00
720716830;2025-04-30;20:00:00
720716679;2025-04-30;20:00:00
720716794;2025-04-30;20:00:00
720716653;2025-04-30;20:00:00
720716725;2025-04-30;20:00:00
720716766;2025-04-30;20:00:00
720716761;2025-04-30;20:00:00
720716855;2025-04-30;20:00:00
720716817;2025-04-30;20:00:00
720716759;2025-04-30;20:00:00
720716750;2025-04-30;20:00:00
720716680;2025-04-30;20:00:00
720716706;2025-04-30;20:00:00
720716820;2025-04-30;20:00:00
720716720;2025-04-30;20:00:00
720716806;2025-04-30;20:00:00
720716791;2025-04-30;20:00:00
720716726;2025-04-30;20:00:00
720716709;2025-04-30;20:00:00
720716711;2025-04-30;20:00:00
720716819;2025-04-30;20:00:00
720716656;2025-04-30;20:00:00
720714929;2025-04-30;20:00:00
720715024;2025-04-30;20:00:00
720715095;2025-04-30;20:00:00
720715071;2025-04-30;20:00:00
720714990;2025-04-30;20:00:00
720715019;2025-04-30;20:00:00
720714974;2025-04-30;20:00:00
720715097;2025-04-30;20:00:00
720714967;2025-04-30;20:00:00
720714892;2025-04-30;20:00:00
720714982;2025-04-30;20:00:00
720714920;2025-04-30;20:00:00
720715027;2025-04-30;20:00:00
720714984;2025-04-30;20:00:00
720714934;2025-04-30;20:00:00
720715117;2025-04-30;20:00:00
720715072;2025-04-30;20:00:00
720714916;2025-04-30;20:00:00
720715016;2025-04-30;20:00:00
720717622;2025-04-30;20:00:00
720717386;2025-04-30;20:00:00
720717536;2025-04-30;20:00:00
720717435;2025-04-30;20:00:00
720717424;2025-04-30;20:00:00
720717416;2025-04-30;20:00:00
720717470;2025-04-30;20:00:00
720717610;2025-04-30;20:00:00
720717607;2025-04-30;20:00:00
720717439;2025-04-30;20:00:00
720717457;2025-04-30;20:00:00
720717419;2025-04-30;20:00:00
720717486;2025-04-30;20:00:00
720717428;2025-04-30;20:00:00
720717586;2025-04-30;20:00:00
720717448;2025-04-30;20:00:00
720717492;2025-04-30;20:00:00
720717401;2025-04-30;20:00:00
720717560;2025-04-30;20:00:00
720717503;2025-04-30;20:00:00
720717619;2025-04-30;20:00:00
720717468;2025-04-30;20:00:00
720717489;2025-04-30;20:00:00
720717426;2025-04-30;20:00:00
720717462;2025-04-30;20:00:00
720717583;2025-04-30;20:00:00
720716771;2025-04-30;20:00:00
720716835;2025-04-30;20:00:00
720716655;2025-04-30;20:00:00
720716866;2025-04-30;20:00:00
720716776;2025-04-30;20:00:00
720716797;2025-04-30;20:00:00
720716659;2025-04-30;20:00:00
720716722;2025-04-30;20:00:00
720716672;2025-04-30;20:00:00
720716781;2025-04-30;20:00:00
720717397;2025-04-30;20:00:00
720717577;2025-04-30;20:00:00
720717605;2025-04-30;20:00:00
720717535;2025-04-30;20:00:00
720717628;2025-04-30;20:00:00
720717441;2025-04-30;20:00:00
720717573;2025-04-30;20:00:00
720717396;2025-04-30;20:00:00
720717624;2025-04-30;20:00:00
720717463;2025-04-30;20:00:00
720717609;2025-04-30;20:00:00
720717590;2025-04-30;20:00:00
720717614;2025-04-30;20:00:00
720717568;2025-04-30;20:00:00
720717496;2025-04-30;20:00:00
720717594;2025-04-30;20:00:00
720717440;2025-04-30;20:00:00
720717493;2025-04-30;20:00:00
720717588;2025-04-30;20:00:00
720717425;2025-04-30;20:00:00
720717565;2025-04-30;20:00:00
720717547;2025-04-30;20:00:00
720717498;2025-04-30;20:00:00
720717509;2025-04-30;20:00:00
720717403;2025-04-30;20:00:00
720717406;2025-04-30;20:00:00
720717621;2025-04-30;20:00:00
720717414;2025-04-30;20:00:00
720717480;2025-04-30;20:00:00
720717569;2025-04-30;20:00:00
720717604;2025-04-30;20:00:00
720717418;2025-04-30;20:00:00
720717473;2025-04-30;20:00:00
720717437;2025-04-30;20:00:00
720717438;2025-04-30;20:00:00
720717479;2025-04-30;20:00:00
720717417;2025-04-30;20:00:00
720717510;2025-04-30;20:00:00
720717531;2025-04-30;20:00:00
720717500;2025-04-30;20:00:00
720717534;2025-04-30;20:00:00
720717475;2025-04-30;20:00:00
720717427;2025-04-30;20:00:00
720717420;2025-04-30;20:00:00
720717563;2025-04-30;20:00:00
720717578;2025-04-30;20:00:00
720717636;2025-04-30;20:00:00
720717529;2025-04-30;20:00:00
720717538;2025-04-30;20:00:00
720717525;2025-04-30;20:00:00
720717388;2025-04-30;20:00:00
720717513;2025-04-30;20:00:00
720717447;2025-04-30;20:00:00
720717567;2025-04-30;20:00:00
720717389;2025-04-30;20:00:00
720717615;2025-04-30;20:00:00
720717595;2025-04-30;20:00:00
720717625;2025-04-30;20:00:00
720717587;2025-04-30;20:00:00
720716834;2025-04-30;20:00:00
720716712;2025-04-30;20:00:00
720716807;2025-04-30;20:00:00
720716754;2025-04-30;20:00:00
720716702;2025-04-30;20:00:00
720716667;2025-04-30;20:00:00
720716827;2025-04-30;20:00:00
720716808;2025-04-30;20:00:00
720716864;2025-04-30;20:00:00
720716824;2025-04-30;20:00:00
720716654;2025-04-30;20:00:00
720716822;2025-04-30;20:00:00
720716799;2025-04-30;20:00:00
720716831;2025-04-30;20:00:00
720716813;2025-04-30;20:00:00
720716782;2025-04-30;20:00:00
720716769;2025-04-30;20:00:00
720716718;2025-04-30;20:00:00
720716862;2025-04-30;20:00:00
720716845;2025-04-30;20:00:00
720716793;2025-04-30;20:00:00
720716774;2025-04-30;20:00:00
720716804;2025-04-30;20:00:00
720716689;2025-04-30;20:00:00
720716699;2025-04-30;20:00:00
720716733;2025-04-30;20:00:00
720716747;2025-04-30;20:00:00
720716798;2025-04-30;20:00:00
720716863;2025-04-30;20:00:00
720716690;2025-04-30;20:00:00
720716788;2025-04-30;20:00:00
720716828;2025-04-30;20:00:00
720716818;2025-04-30;20:00:00
720716649;2025-04-30;20:00:00
720716660;2025-04-30;20:00:00
720716694;2025-04-30;20:00:00
720716665;2025-04-30;20:00:00
720716840;2025-04-30;20:00:00
720716767;2025-04-30;20:00:00
720716735;2025-04-30;20:00:00
720716723;2025-04-30;20:00:00
720716728;2025-04-30;20:00:00
720716682;2025-04-30;20:00:00
720716732;2025-04-30;20:00:00
720716716;2025-04-30;20:00:00
720716854;2025-04-30;20:00:00
720716704;2025-04-30;20:00:00
720716849;2025-04-30;20:00:00
720716844;2025-04-30;20:00:00
720716739;2025-04-30;20:00:00
720716691;2025-04-30;20:00:00
720716652;2025-04-30;20:00:00
720716658;2025-04-30;20:00:00
720716686;2025-04-30;20:00:00
720716734;2025-04-30;20:00:00
720716857;2025-04-30;20:00:00
720716839;2025-04-30;20:00:00
720716760;2025-04-30;20:00:00
720716703;2025-04-30;20:00:00
720716825;2025-04-30;20:00:00
720716773;2025-04-30;20:00:00
720716650;2025-04-30;20:00:00
720716826;2025-04-30;20:00:00
720716675;2025-04-30;20:00:00
720716833;2025-04-30;20:00:00
720716684;2025-04-30;20:00:00
720716685;2025-04-30;20:00:00
720716778;2025-04-30;20:00:00
720716737;2025-04-30;20:00:00
720716715;2025-04-30;20:00:00
720716859;2025-04-30;20:00:00
720716861;2025-04-30;20:00:00
720716664;2025-04-30;20:00:00
720716756;2025-04-30;20:00:00
720716731;2025-04-30;20:00:00
720716846;2025-04-30;20:00:00
720716669;2025-04-30;20:00:00
720716742;2025-04-30;20:00:00
720716796;2025-04-30;20:00:00
720716701;2025-04-30;20:00:00
720716751;2025-04-30;20:00:00
720716810;2025-04-30;20:00:00
720716829;2025-04-30;20:00:00
720958825;2025-04-30;20:00:00
720959011;2025-04-30;20:00:00
720958868;2025-04-30;20:00:00
720958902;2025-04-30;20:00:00
720958846;2025-04-30;20:00:00
720958955;2025-04-30;20:00:00
720958979;2025-04-30;20:00:00
720958981;2025-04-30;20:00:00
720958847;2025-04-30;20:00:00
720958914;2025-04-30;20:00:00
720958841;2025-04-30;20:00:00
720958820;2025-04-30;20:00:00
720958894;2025-04-30;20:00:00
720959018;2025-04-30;20:00:00
720958882;2025-04-30;20:00:00
720958880;2025-04-30;20:00:00
720958838;2025-04-30;20:00:00
720958885;2025-04-30;20:00:00
720958867;2025-04-30;20:00:00
720958992;2025-04-30;20:00:00
720958860;2025-04-30;20:00:00
720958844;2025-04-30;20:00:00
720958906;2025-04-30;20:00:00
720958903;2025-04-30;20:00:00
720958829;2025-04-30;20:00:00
720958920;2025-04-30;20:00:00
720958842;2025-04-30;20:00:00
720958897;2025-04-30;20:00:00
720958819;2025-04-30;20:00:00
720958974;2025-04-30;20:00:00
720958816;2025-04-30;20:00:00
720958886;2025-04-30;20:00:00
720958852;2025-04-30;20:00:00
720958798;2025-04-30;20:00:00
720958987;2025-04-30;20:00:00
720958824;2025-04-30;20:00:00
720958942;2025-04-30;20:00:00
720959013;2025-04-30;20:00:00
720958947;2025-04-30;20:00:00
720958976;2025-04-30;20:00:00
720958870;2025-04-30;20:00:00
720958951;2025-04-30;20:00:00
720958912;2025-04-30;20:00:00
720958840;2025-04-30;20:00:00
720958928;2025-04-30;20:00:00
720958883;2025-04-30;20:00:00
720958959;2025-04-30;20:00:00
720958969;2025-04-30;20:00:00
720958795;2025-04-30;20:00:00
720959016;2025-04-30;20:00:00
720958949;2025-04-30;20:00:00
720958822;2025-04-30;20:00:00
720958807;2025-04-30;20:00:00
720958965;2025-04-30;20:00:00
720958835;2025-04-30;20:00:00
720958805;2025-04-30;20:00:00
720958909;2025-04-30;20:00:00
720958823;2025-04-30;20:00:00
720958996;2025-04-30;20:00:00
720958973;2025-04-30;20:00:00
720958832;2025-04-30;20:00:00
720958854;2025-04-30;20:00:00
720958892;2025-04-30;20:00:00
720958836;2025-04-30;20:00:00
720958918;2025-04-30;20:00:00
720958932;2025-04-30;20:00:00
720958857;2025-04-30;20:00:00
720958936;2025-04-30;20:00:00
720958888;2025-04-30;20:00:00
720958957;2025-04-30;20:00:00
720958948;2025-04-30;20:00:00
720958929;2025-04-30;20:00:00
720958950;2025-04-30;20:00:00
720958874;2025-04-30;20:00:00
720958865;2025-04-30;20:00:00
720958999;2025-04-30;20:00:00
720959009;2025-04-30;20:00:00
720958993;2025-04-30;20:00:00
720958946;2025-04-30;20:00:00
720958916;2025-04-30;20:00:00
720958851;2025-04-30;20:00:00
720958845;2025-04-30;20:00:00
720959001;2025-04-30;20:00:00
720958922;2025-04-30;20:00:00
720958941;2025-04-30;20:00:00
720958998;2025-04-30;20:00:00
720958923;2025-04-30;20:00:00
720958971;2025-04-30;20:00:00
720958934;2025-04-30;20:00:00
720958856;2025-04-30;20:00:00
720958983;2025-04-30;20:00:00
720958891;2025-04-30;20:00:00
720958919;2025-04-30;20:00:00
720958872;2025-04-30;20:00:00
720958871;2025-04-30;20:00:00
720958889;2025-04-30;20:00:00
720958800;2025-04-30;20:00:00
720958990;2025-04-30;20:00:00
720958899;2025-04-30;20:00:00
720958960;2025-04-30;20:00:00
720958900;2025-04-30;20:00:00
720958940;2025-04-30;20:00:00
720958802;2025-04-30;20:00:00
720958977;2025-04-30;20:00:00
720958887;2025-04-30;20:00:00
720958862;2025-04-30;20:00:00
720959007;2025-04-30;20:00:00
720958812;2025-04-30;20:00:00
720958818;2025-04-30;20:00:00
720958991;2025-04-30;20:00:00
720958828;2025-04-30;20:00:00
720958910;2025-04-30;20:00:00
720958884;2025-04-30;20:00:00
720959010;2025-04-30;20:00:00
720959014;2025-04-30;20:00:00
720959012;2025-04-30;20:00:00
720958813;2025-04-30;20:00:00
720959006;2025-04-30;20:00:00
720958827;2025-04-30;20:00:00
720959017;2025-04-30;20:00:00
720958911;2025-04-30;20:00:00
720958898;2025-04-30;20:00:00
720958913;2025-04-30;20:00:00
720958915;2025-04-30;20:00:00
720958968;2025-04-30;20:00:00
720958869;2025-04-30;20:00:00
720958970;2025-04-30;20:00:00
720958804;2025-04-30;20:00:00
720958988;2025-04-30;20:00:00
720958907;2025-04-30;20:00:00
720958810;2025-04-30;20:00:00
720958866;2025-04-30;20:00:00
720958956;2025-04-30;20:00:00
720958831;2025-04-30;20:00:00
720958978;2025-04-30;20:00:00
720958826;2025-04-30;20:00:00
720958850;2025-04-30;20:00:00
720958937;2025-04-30;20:00:00
720959003;2025-04-30;20:00:00
720958908;2025-04-30;20:00:00
720958801;2025-04-30;20:00:00
720958849;2025-04-30;20:00:00
720958815;2025-04-30;20:00:00
720958848;2025-04-30;20:00:00
720958875;2025-04-30;20:00:00
720958994;2025-04-30;20:00:00
720959004;2025-04-30;20:00:00
720958864;2025-04-30;20:00:00
720958997;2025-04-30;20:00:00
720958952;2025-04-30;20:00:00
720958917;2025-04-30;20:00:00
720958962;2025-04-30;20:00:00
720958989;2025-04-30;20:00:00
720958837;2025-04-30;20:00:00
720958985;2025-04-30;20:00:00
720958904;2025-04-30;20:00:00
720958814;2025-04-30;20:00:00
720958905;2025-04-30;20:00:00
720958876;2025-04-30;20:00:00
720958926;2025-04-30;20:00:00
720958925;2025-04-30;20:00:00
720958958;2025-04-30;20:00:00
720958861;2025-04-30;20:00:00
720958893;2025-04-30;20:00:00
720958984;2025-04-30;20:00:00
720958853;2025-04-30;20:00:00
720958830;2025-04-30;20:00:00
720958931;2025-04-30;20:00:00
720958896;2025-04-30;20:00:00
720958954;2025-04-30;20:00:00
720958963;2025-04-30;20:00:00
720958953;2025-04-30;20:00:00
720958797;2025-04-30;20:00:00
720959015;2025-04-30;20:00:00
720958877;2025-04-30;20:00:00
720958943;2025-04-30;20:00:00
720958986;2025-04-30;20:00:00
720958808;2025-04-30;20:00:00
720958939;2025-04-30;20:00:00
720958966;2025-04-30;20:00:00
722088630;2025-04-30;20:00:00
722088642;2025-04-30;20:00:00
722088658;2025-04-30;20:00:00
722088643;2025-04-30;20:00:00
722088618;2025-04-30;20:00:00
722088648;2025-04-30;20:00:00
722088607;2025-04-30;20:00:00
722088664;2025-04-30;20:00:00
722088666;2025-04-30;20:00:00
722088613;2025-04-30;20:00:00
722088614;2025-04-30;20:00:00
722088628;2025-04-30;20:00:00
722088668;2025-04-30;20:00:00
722088621;2025-04-30;20:00:00
722088654;2025-04-30;20:00:00
722088662;2025-04-30;20:00:00
722088573;2025-04-30;20:00:00
722088517;2025-04-30;20:00:00
722088653;2025-04-30;20:00:00
722088665;2025-04-30;20:00:00
722088647;2025-04-30;20:00:00
722088631;2025-04-30;20:00:00
722088655;2025-04-30;20:00:00
722088656;2025-04-30;20:00:00
722088639;2025-04-30;20:00:00
722088532;2025-04-30;20:00:00
722088421;2025-04-30;20:00:00
722088448;2025-04-30;20:00:00
722088583;2025-04-30;20:00:00
722088490;2025-04-30;20:00:00
722088542;2025-04-30;20:00:00
722088579;2025-04-30;20:00:00
722088388;2025-04-30;20:00:00
722088463;2025-04-30;20:00:00
722088489;2025-04-30;20:00:00
722088516;2025-04-30;20:00:00
722088462;2025-04-30;20:00:00
722088622;2025-04-30;20:00:00
722088659;2025-04-30;20:00:00
722088640;2025-04-30;20:00:00
722088652;2025-04-30;20:00:00
722088633;2025-04-30;20:00:00
722088645;2025-04-30;20:00:00
722088484;2025-04-30;20:00:00
722088667;2025-04-30;20:00:00
722088623;2025-04-30;20:00:00
722088568;2025-04-30;20:00:00
722088454;2025-04-30;20:00:00
722088531;2025-04-30;20:00:00
722088436;2025-04-30;20:00:00
722088460;2025-04-30;20:00:00
722088392;2025-04-30;20:00:00
722088431;2025-04-30;20:00:00
722088394;2025-04-30;20:00:00
722088569;2025-04-30;20:00:00
722088453;2025-04-30;20:00:00
722088536;2025-04-30;20:00:00
722088549;2025-04-30;20:00:00
722088537;2025-04-30;20:00:00
722088641;2025-04-30;20:00:00
722088644;2025-04-30;20:00:00
722088602;2025-04-30;20:00:00
722088649;2025-04-30;20:00:00
722088632;2025-04-30;20:00:00
722088626;2025-04-30;20:00:00
722088609;2025-04-30;20:00:00
722088657;2025-04-30;20:00:00
722088435;2025-04-30;20:00:00
722088430;2025-04-30;20:00:00
722088563;2025-04-30;20:00:00
722088425;2025-04-30;20:00:00
722088465;2025-04-30;20:00:00
722088422;2025-04-30;20:00:00
722088545;2025-04-30;20:00:00
722088470;2025-04-30;20:00:00
722088603;2025-04-30;20:00:00
722088403;2025-04-30;20:00:00
722088473;2025-04-30;20:00:00
722088443;2025-04-30;20:00:00
722088409;2025-04-30;20:00:00
722088413;2025-04-30;20:00:00
722088550;2025-04-30;20:00:00
722088580;2025-04-30;20:00:00
722088513;2025-04-30;20:00:00
722088508;2025-04-30;20:00:00
722088437;2025-04-30;20:00:00
722088469;2025-04-30;20:00:00
722088467;2025-04-30;20:00:00
722088499;2025-04-30;20:00:00
722088530;2025-04-30;20:00:00
722088523;2025-04-30;20:00:00
722088390;2025-04-30;20:00:00
722088468;2025-04-30;20:00:00
722088478;2025-04-30;20:00:00
722088557;2025-04-30;20:00:00
722088461;2025-04-30;20:00:00
722088440;2025-04-30;20:00:00
722088404;2025-04-30;20:00:00
722088391;2025-04-30;20:00:00
722088502;2025-04-30;20:00:00
722088393;2025-04-30;20:00:00
722088472;2025-04-30;20:00:00
722088418;2025-04-30;20:00:00
722088558;2025-04-30;20:00:00
722088559;2025-04-30;20:00:00
722088498;2025-04-30;20:00:00
722088503;2025-04-30;20:00:00
722088406;2025-04-30;20:00:00
722088399;2025-04-30;20:00:00
722088396;2025-04-30;20:00:00
722088538;2025-04-30;20:00:00
722088475;2025-04-30;20:00:00
722088552;2025-04-30;20:00:00
722088564;2025-04-30;20:00:00
722088423;2025-04-30;20:00:00
722088415;2025-04-30;20:00:00
722088528;2025-04-30;20:00:00
722088426;2025-04-30;20:00:00
722088434;2025-04-30;20:00:00
722088479;2025-04-30;20:00:00
722088501;2025-04-30;20:00:00
722088504;2025-04-30;20:00:00
722088556;2025-04-30;20:00:00
722088457;2025-04-30;20:00:00
722088518;2025-04-30;20:00:00
722088482;2025-04-30;20:00:00
722088494;2025-04-30;20:00:00
722088561;2025-04-30;20:00:00
722088432;2025-04-30;20:00:00
722088571;2025-04-30;20:00:00
722088547;2025-04-30;20:00:00
722088447;2025-04-30;20:00:00
722088424;2025-04-30;20:00:00
722088541;2025-04-30;20:00:00
722088651;2025-04-30;20:00:00
722088637;2025-04-30;20:00:00
722088646;2025-04-30;20:00:00
722088661;2025-04-30;20:00:00
722088617;2025-04-30;20:00:00
722088615;2025-04-30;20:00:00
722088459;2025-04-30;20:00:00
722088387;2025-04-30;20:00:00
722088488;2025-04-30;20:00:00
722088389;2025-04-30;20:00:00
722088511;2025-04-30;20:00:00
722088566;2025-04-30;20:00:00
722088456;2025-04-30;20:00:00
722088500;2025-04-30;20:00:00
722088560;2025-04-30;20:00:00
722088476;2025-04-30;20:00:00
722088491;2025-04-30;20:00:00
722088539;2025-04-30;20:00:00
722088534;2025-04-30;20:00:00
722088402;2025-04-30;20:00:00
722088554;2025-04-30;20:00:00
722088581;2025-04-30;20:00:00
722088576;2025-04-30;20:00:00
722088386;2025-04-30;20:00:00
722088438;2025-04-30;20:00:00
722088533;2025-04-30;20:00:00
722088578;2025-04-30;20:00:00
722088442;2025-04-30;20:00:00
722088565;2025-04-30;20:00:00
722088397;2025-04-30;20:00:00
722088543;2025-04-30;20:00:00
722088405;2025-04-30;20:00:00
722088625;2025-04-30;20:00:00
722088660;2025-04-30;20:00:00
722088624;2025-04-30;20:00:00
722088611;2025-04-30;20:00:00
722088634;2025-04-30;20:00:00
722088616;2025-04-30;20:00:00
722088605;2025-04-30;20:00:00
722088582;2025-04-30;20:00:00
722088562;2025-04-30;20:00:00
722088446;2025-04-30;20:00:00
722088400;2025-04-30;20:00:00
722088529;2025-04-30;20:00:00
722088589;2025-04-30;20:00:00
722088577;2025-04-30;20:00:00
722088535;2025-04-30;20:00:00
722088398;2025-04-30;20:00:00
722088546;2025-04-30;20:00:00
722088428;2025-04-30;20:00:00
722088481;2025-04-30;20:00:00
722088650;2025-04-30;20:00:00
722088629;2025-04-30;20:00:00
722088612;2025-04-30;20:00:00
722088604;2025-04-30;20:00:00
722088627;2025-04-30;20:00:00
722088638;2025-04-30;20:00:00
722088606;2025-04-30;20:00:00
722088509;2025-04-30;20:00:00
722088419;2025-04-30;20:00:00
722088514;2025-04-30;20:00:00
722088451;2025-04-30;20:00:00
722088410;2025-04-30;20:00:00
722088610;2025-04-30;20:00:00
722088553;2025-04-30;20:00:00
722088515;2025-04-30;20:00:00
722088572;2025-04-30;20:00:00
722088507;2025-04-30;20:00:00
722088464;2025-04-30;20:00:00
722088521;2025-04-30;20:00:00
722088525;2025-04-30;20:00:00
722088417;2025-04-30;20:00:00
722088411;2025-04-30;20:00:00
722088492;2025-04-30;20:00:00
722088407;2025-04-30;20:00:00
722088433;2025-04-30;20:00:00
722088570;2025-04-30;20:00:00
722088485;2025-04-30;20:00:00
722088619;2025-04-30;20:00:00
722088635;2025-04-30;20:00:00
722088663;2025-04-30;20:00:00
722088636;2025-04-30;20:00:00
722088385;2025-04-30;20:00:00
722088522;2025-04-30;20:00:00
722088412;2025-04-30;20:00:00
722088429;2025-04-30;20:00:00
722088416;2025-04-30;20:00:00
722088493;2025-04-30;20:00:00
722088587;2025-04-30;20:00:00
722088427;2025-04-30;20:00:00
722088439;2025-04-30;20:00:00
722088520;2025-04-30;20:00:00
722088452;2025-04-30;20:00:00
722088497;2025-04-30;20:00:00
722088495;2025-04-30;20:00:00
722088575;2025-04-30;20:00:00
722088480;2025-04-30;20:00:00
722088395;2025-04-30;20:00:00
722088483;2025-04-30;20:00:00
722088444;2025-04-30;20:00:00
722088408;2025-04-30;20:00:00
722197953;2025-04-30;20:00:00
722198092;2025-04-30;20:00:00
722198094;2025-04-30;20:00:00
722198128;2025-04-30;20:00:00
722197960;2025-04-30;20:00:00
722198069;2025-04-30;20:00:00
722198056;2025-04-30;20:00:00
722197890;2025-04-30;20:00:00
722198139;2025-04-30;20:00:00
722198148;2025-04-30;20:00:00
722198108;2025-04-30;20:00:00
722198066;2025-04-30;20:00:00
722197995;2025-04-30;20:00:00
722197929;2025-04-30;20:00:00
722198021;2025-04-30;20:00:00
722198106;2025-04-30;20:00:00
722197926;2025-04-30;20:00:00
722198153;2025-04-30;20:00:00
722198126;2025-04-30;20:00:00
722198142;2025-04-30;20:00:00
722198110;2025-04-30;20:00:00
722198140;2025-04-30;20:00:00
722198132;2025-04-30;20:00:00
722198030;2025-04-30;20:00:00
722198124;2025-04-30;20:00:00
722197921;2025-04-30;20:00:00
722198146;2025-04-30;20:00:00
722198107;2025-04-30;20:00:00
722197956;2025-04-30;20:00:00
722198057;2025-04-30;20:00:00
722198062;2025-04-30;20:00:00
722198085;2025-04-30;20:00:00
722198054;2025-04-30;20:00:00
722198088;2025-04-30;20:00:00
722198027;2025-04-30;20:00:00
722198151;2025-04-30;20:00:00
722197884;2025-04-30;20:00:00
722198159;2025-04-30;20:00:00
722198143;2025-04-30;20:00:00
722198029;2025-04-30;20:00:00
722198032;2025-04-30;20:00:00
722198133;2025-04-30;20:00:00
722198042;2025-04-30;20:00:00
722197922;2025-04-30;20:00:00
722198072;2025-04-30;20:00:00
722197913;2025-04-30;20:00:00
722198044;2025-04-30;20:00:00
722198086;2025-04-30;20:00:00
722197945;2025-04-30;20:00:00
722198048;2025-04-30;20:00:00
722197989;2025-04-30;20:00:00
722198037;2025-04-30;20:00:00
722198105;2025-04-30;20:00:00
722197930;2025-04-30;20:00:00
722198155;2025-04-30;20:00:00
722197966;2025-04-30;20:00:00
722198154;2025-04-30;20:00:00
722198144;2025-04-30;20:00:00
722198045;2025-04-30;20:00:00
722198064;2025-04-30;20:00:00
722198051;2025-04-30;20:00:00
722198098;2025-04-30;20:00:00
722198157;2025-04-30;20:00:00
722197974;2025-04-30;20:00:00
722198116;2025-04-30;20:00:00
722198033;2025-04-30;20:00:00
722198150;2025-04-30;20:00:00
722198080;2025-04-30;20:00:00
722197901;2025-04-30;20:00:00
722198099;2025-04-30;20:00:00
722198061;2025-04-30;20:00:00
722198112;2025-04-30;20:00:00
722198035;2025-04-30;20:00:00
722198156;2025-04-30;20:00:00
722198070;2025-04-30;20:00:00
722198122;2025-04-30;20:00:00
722198017;2025-04-30;20:00:00
722197893;2025-04-30;20:00:00
722198119;2025-04-30;20:00:00
722198005;2025-04-30;20:00:00
722197911;2025-04-30;20:00:00
722198149;2025-04-30;20:00:00
722197917;2025-04-30;20:00:00
722198123;2025-04-30;20:00:00
722197968;2025-04-30;20:00:00
722198063;2025-04-30;20:00:00
722198109;2025-04-30;20:00:00
722198093;2025-04-30;20:00:00
722198102;2025-04-30;20:00:00
722198038;2025-04-30;20:00:00
722198053;2025-04-30;20:00:00
722198050;2025-04-30;20:00:00
722197985;2025-04-30;20:00:00
722198130;2025-04-30;20:00:00
722197947;2025-04-30;20:00:00
722198074;2025-04-30;20:00:00
722197925;2025-04-30;20:00:00
722198152;2025-04-30;20:00:00
722198081;2025-04-30;20:00:00
722198158;2025-04-30;20:00:00
722198078;2025-04-30;20:00:00
722198059;2025-04-30;20:00:00
722197938;2025-04-30;20:00:00
722198115;2025-04-30;20:00:00
722197886;2025-04-30;20:00:00
722198007;2025-04-30;20:00:00
722198028;2025-04-30;20:00:00
722197928;2025-04-30;20:00:00
722198075;2025-04-30;20:00:00
722198025;2025-04-30;20:00:00
722197951;2025-04-30;20:00:00
722197936;2025-04-30;20:00:00
722198043;2025-04-30;20:00:00
722197927;2025-04-30;20:00:00
722198019;2025-04-30;20:00:00
722198103;2025-04-30;20:00:00
722198100;2025-04-30;20:00:00
722198002;2025-04-30;20:00:00
722198060;2025-04-30;20:00:00
722198137;2025-04-30;20:00:00
722198134;2025-04-30;20:00:00
722198047;2025-04-30;20:00:00
722198071;2025-04-30;20:00:00
722198052;2025-04-30;20:00:00
722198034;2025-04-30;20:00:00
722198065;2025-04-30;20:00:00
722197896;2025-04-30;20:00:00
722198096;2025-04-30;20:00:00
722197976;2025-04-30;20:00:00
722197998;2025-04-30;20:00:00
722198055;2025-04-30;20:00:00
722197931;2025-04-30;20:00:00
722198087;2025-04-30;20:00:00
722197907;2025-04-30;20:00:00
722198076;2025-04-30;20:00:00
722197933;2025-04-30;20:00:00
722198026;2025-04-30;20:00:00
722198111;2025-04-30;20:00:00
722198136;2025-04-30;20:00:00
722198024;2025-04-30;20:00:00
722198118;2025-04-30;20:00:00
722197962;2025-04-30;20:00:00
722197981;2025-04-30;20:00:00
722198023;2025-04-30;20:00:00
722198040;2025-04-30;20:00:00
722198089;2025-04-30;20:00:00
722197987;2025-04-30;20:00:00
722198097;2025-04-30;20:00:00
722198015;2025-04-30;20:00:00
722197920;2025-04-30;20:00:00
722197958;2025-04-30;20:00:00
722198104;2025-04-30;20:00:00
722197904;2025-04-30;20:00:00
722197979;2025-04-30;20:00:00
722198083;2025-04-30;20:00:00
722198049;2025-04-30;20:00:00
722198013;2025-04-30;20:00:00
722198135;2025-04-30;20:00:00
722198114;2025-04-30;20:00:00
722198084;2025-04-30;20:00:00
722198077;2025-04-30;20:00:00
722198010;2025-04-30;20:00:00
722197880;2025-04-30;20:00:00
722198003;2025-04-30;20:00:00
722197972;2025-04-30;20:00:00
722198036;2025-04-30;20:00:00
722197970;2025-04-30;20:00:00
722198129;2025-04-30;20:00:00
722197983;2025-04-30;20:00:00
722197919;2025-04-30;20:00:00
722198147;2025-04-30;20:00:00
722198067;2025-04-30;20:00:00
722198141;2025-04-30;20:00:00
722198031;2025-04-30;20:00:00
722198121;2025-04-30;20:00:00
722197993;2025-04-30;20:00:00
722197934;2025-04-30;20:00:00
722197942;2025-04-30;20:00:00
722198125;2025-04-30;20:00:00
722197898;2025-04-30;20:00:00
722198090;2025-04-30;20:00:00
722198120;2025-04-30;20:00:00
722198020;2025-04-30;20:00:00
722198046;2025-04-30;20:00:00
722197964;2025-04-30;20:00:00
722197991;2025-04-30;20:00:00
722198041;2025-04-30;20:00:00
722197977;2025-04-30;20:00:00
722197940;2025-04-30;20:00:00
722197996;2025-04-30;20:00:00
722198058;2025-04-30;20:00:00
722198022;2025-04-30;20:00:00
722198117;2025-04-30;20:00:00
722198095;2025-04-30;20:00:00
722198000;2025-04-30;20:00:00
722198127;2025-04-30;20:00:00
722198113;2025-04-30;20:00:00
722198101;2025-04-30;20:00:00
722197949;2025-04-30;20:00:00
722198011;2025-04-30;20:00:00
